 index	Title	Beats Per Minute	Popularity
1	Sunrise	157	71
2	Black Night	135	39
3	Clint Eastwood	168	69
4	The Pretender	173	76
5	Waitin' On A Sunny Day	106	59
6	The Road Ahead (Miles Of The Unknown)	99	45
7	She Will Be Loved	102	74
8	Knights of Cydonia	137	69
9	Mr. Brightside	148	77
10	Without Me	112	82
11	Love Me Tender	109	49
12	Seven Nation Army	124	74
13	Als Het Golft	102	34
14	I'm going home	117	26
15	Fluorescent Adolescent	112	66
16	Zonder Jou	133	48
17	Speed of Sound	123	69
18	Uninvited	127	57
19	Music	87	46
20	Cry Me a River	74	74
21	Fix You	138	81
22	The Cave	142	67
23	Als De Morgen Is Gekomen	96	55
24	Somebody Told Me	138	69
25	Dichterbij Dan Ooit	112	16
26	Miracle	130	50
27	Smokers Outside the Hospital Doors	123	56
28	Cleanin' Out My Closet	148	71
29	Der Weg	142	48
30	7 Seconds (feat. Neneh Cherry)	154	59
31	The Scientist	146	84
32	Big Log - 2006 Remaster	181	57
33	Chasing Pavements	80	63
34	Don't Know Why	88	74
35	Tears Dry On Their Own	122	72
36	The Eyes of Jenny	119	44
37	Iris	156	75
38	The Saints Are Coming	152	40
39	All My Life	168	72
40	De Weg	72	42
41	Don't Let Me Be Misunderstood	118	59
42	Traffic - Radio Edit	138	53
43	Take Me Out	105	74
44	American Idiot	186	78
45	Breaking the Habit	100	65
46	Come Undone	168	56
47	Sweet Jane	115	43
48	Run	75	65
49	"You're The First, The Last, My Everything"	131	67
50	The Day After Tomorrow	76	51
51	Just Breathe	108	69
52	Dansen Aan Zee	194	52
53	Goodbye My Lover	90	69
54	The Unforgiven III	122	52
55	Hurt	149	67
56	Grounds for Divorce	92	43
57	Sometimes You Can't Make It On Your Own	96	57
58	"Listen (From the Motion Picture ""Dreamgirls"")"	123	44
59	I Want It That Way	99	77
60	Goin To The Run	124	38
61	De Neus Umhoeg	132	32
62	Solitary Man	86	47
63	Smoorverliefd	166	48
64	Me Gustas Tu	176	70
65	Kryptonite	99	77
66	Crazy	103	63
67	Family Portrait	92	56
68	In The Army Now	105	59
69	I Surrender	136	55
70	Maybe Tomorrow	81	64
71	Make You Feel My Love	77	73
72	No One Knows	171	65
73	Where Do You Go To (My Lovely) - Re-Recorded	183	58
74	The Wild Rover	178	46
75	Little Lion Man	139	67
76	Dirty Diana	131	55
77	Ne me quitte pas	101	58
78	Sad Man's Tongue	110	57
79	Wat Zou Je Doen - Live	104	30
80	One Day Like This	159	45
81	Bagagedrager	160	45
82	Wêr Bisto	88	48
83	Only Time	83	70
84	Sorry Seems To Be The Hardest Word	79	58
85	Self Esteem	105	72
86	Aanzoek Zonder Ringen	160	42
87	Modern World	120	42
88	Rosie	100	43
89	This Is Not America - 2002 Remaster	115	43
90	Times Like These	145	65
91	De Vondeling Van Ameland	110	19
92	I'm Gonna Be (500 Miles)	132	74
93	Afscheid Nemen Bestaat Niet	128	49
94	Blauwe Ruis	130	41
95	Limburg - Live	157	32
96	21 Guns	160	75
97	Valerie (feat. Amy Winehouse) - Version Revisited	106	62
98	Blaosmuziek	61	38
99	Binnen	92	30
100	Motorcycle Emptiness	112	39
101	In the End	105	83
102	Halt mich	104	44
103	Girl	136	56
104	"Trapped - Live at Meadowlands Arena, E. Rutherford, NJ - August 1984"	162	40
105	Ik Wou Dat Ik Jou Was	160	58
106	Empire State of Mind (Part II) Broken Down	93	75
107	Numb / Encore	107	75
108	Ben Ik Te Min	101	47
109	All Summer Long	103	72
110	Forever Autumn	122	41
111	Waiting On the World to Change	177	74
112	Everybody's Changing	94	54
113	How to Save a Life	122	80
114	"Bloed, Zweet En Tranen"	68	59
115	"Lose Yourself - From ""8 Mile"" Soundtrack"	171	77
116	Europa (Earth's Cry Heaven's Smile)	75	59
117	Feeling Good	109	51
118	"Harder, Better, Faster, Stronger"	123	71
119	Use Somebody	137	76
120	Sweet Disposition	129	64
121	Single Ladies (Put a Ring on It)	193	70
122	You're the Voice	85	62
123	Voltooid Verleden Tijd	138	39
124	Eternal Flame	79	70
125	Papa Was A Rolling Stone	120	44
126	Crazy In Love (feat. Jay-Z)	99	75
127	Best of You	130	75
128	Daughters	125	68
129	De wedstrijd	136	42
130	Papillon	126	56
131	Sadeness	96	58
132	Red Mij Niet - Single Edit	119	36
133	Love Is A Losing Game	165	67
134	Zij	58	52
135	Tribute	94	59
136	You Know I'm No Good	103	74
137	Talk	120	63
138	Love Is A Battlefield	91	54
139	Home	128	64
140	Sonne	75	60
141	I Gotta Feeling	128	69
142	She Sells Sanctuary	139	63
143	Alie	93	42
144	Red Red Wine	89	74
145	A Little Less Conversation - JXL Radio Edit Remix	115	64
146	Love You More	171	43
147	Old Man	141	44
148	Zij Maakt Het Verschil	173	54
149	I Want To Hold Your Hand - Remastered 2015	131	75
150	Black Magic Woman	124	62
151	Set The Fire To The Third Bar	96	49
152	Ghost Love Score	101	38
153	Going To A Town	124	38
154	Is Dit Alles	121	44
155	A Gentleman's Excuse Me	126	44
156	God Put a Smile upon Your Face	127	64
157	Heartbreak Warfare	97	66
158	Sailing to Philadelphia	99	39
159	Accidentally In Love	138	59
160	It's Raining Men	136	58
161	One Word	92	52
162	Goodnight Saigon	129	46
163	Moonlight Shadow	129	64
164	Zing - Vecht - Huil - Bid - Lach - Werk En Bewonder	130	41
165	Uprising	128	76
166	My Immortal	79	74
167	Feel Like Flying	98	41
168	Everything	123	73
169	Hey There Delilah	104	80
170	Speeltuin	112	50
171	"Comptine d'un autre été, l'après-midi"	100	56
172	Sweet Goodbyes	110	56
173	The Man Who Can't Be Moved	100	64
174	"Free Fallin' - Live at the Nokia Theatre, Los Angeles, CA - December 2007"	173	75
175	Halo	80	78
176	Hollereer	190	46
177	Hier	164	40
178	Ice Queen	92	47
179	Another 45 Miles	91	50
180	Like a Hurricane - 2003 Remaster	114	49
181	Father & Friend	98	35
182	"(I've Had) The Time of My Life - From ""Dirty Dancing"" Soundtrack"	109	70
183	The Blower's Daughter	133	56
184	Magnificent	115	44
185	Virtual Insanity - Remastered	92	69
186	Belle Hélène	138	49
187	Go With The Flow	159	58
188	Sound Of The Screameng Day	138	26
189	Plug in Baby	136	53
190	Heavy Cross	120	59
191	Nederwiet	131	39
192	Heart Of Glass	115	52
193	The Real Slim Shady	105	80
194	Stuck In A Moment You Can't Get Out Of	159	52
195	Tumble and Fall	170	36
196	Les lacs du Connemara	112	59
197	Hier Kom Ik Weg	92	39
198	Starlight	122	73
199	Dakota	147	68
200	Time To Say Goodbye (Con Te Partirò)	105	59
201	Green Eyes	130	63
202	Silence (feat. Sarah McLachlan) - DJ Tiësto's In Search of Sunrise Edit	138	58
203	De Kapitein Deel II	115	51
204	Supermassive Black Hole	120	73
205	Pak Maar M'n Hand	166	59
206	De Bom	133	49
207	Bombay	125	34
208	Mary Jane's Last Dance	170	72
209	Oerend Hard	127	52
210	Society	162	67
211	White Flag	170	54
212	Heaven Must Be Missing An Angel - Pt. 1	117	49
213	Wake Me up When September Ends	105	77
214	Can't Stop	91	80
215	Driving Home for Christmas	180	80
216	Mutter	116	51
217	Pa	129	41
218	Blauw	135	47
219	Spicks And Specks	123	47
220	Stan	80	75
221	Beautiful	76	71
222	Gravity	124	75
223	Leave the Light On	142	32
224	Ruthless Queen	124	32
225	Everlong - Acoustic Version	144	69
226	Here Without You	144	75
227	One	186	61
228	Mijn Houten Hart	70	45
229	Mad World (Feat. Michael Andrews)	174	70
230	Sinds 1 Dag Of 2 (32 Jaar)	114	53
231	Feeling Good	115	64
232	The Wall Street Shuffle	98	46
233	Song 2	130	64
234	I Would Stay	95	55
235	Piano Man	179	70
236	Fireflies	180	79
237	Lost	90	51
238	Woman	113	62
239	Where Is The Love?	94	66
240	Yellow	173	82
241	This Is The Life	95	41
242	Wicked Game	113	70
243	Breakeven	94	74
244	Not An Addict	169	43
245	So Incredible	104	54
246	Mr Rock & Roll	111	30
247	Will You Be There - Single Version	83	53
248	Vlinder	175	33
249	Cambodia	111	51
250	Back To Black	123	77
251	Dochters	128	57
252	Hocus Pocus	184	53
253	Mensch	174	47
254	Amsterdam	73	57
255	Time Is Running Out	118	69
256	Rain Down on Me	133	47
257	Denis	139	42
258	Hometown Glory	123	59
259	Live And Let Die - Live	150	60
260	I Still Cry	98	30
261	Ren Lenny Ren	110	43
262	In My Place	145	70
263	Numb	110	81
264	Slow Dancing in a Burning Room	134	76
265	Empire State Of Mind	174	77
266	Drops of Jupiter	79	77
267	Omarm	184	46
268	(What A) Wonderful World	129	71
269	Teardrops	133	61
270	The Rising	110	53
271	Snow (Hey Oh)	105	80
272	I Don't Wanna Hurt	79	46
273	Ordinary People	67	69
274	Iedereen Is Van De Wereld	118	50
275	Gold	143	66
276	All Night Long (All Night) - Single Version	109	64
277	Can't Stop Loving You - 2016 Remaster	100	62
278	City Of Blinding Lights	139	60
279	Munich	149	61
280	Hey Ya!	80	79
281	There Must Be an Angel (Playing with My Heart)	112	40
282	Laat Me / Vivre - Lange Versie	81	43
283	Watskeburt?!	130	55
284	Feel	98	72
285	Lady Jane - (Original Single Mono Version)	205	34
286	La Isla Bonita	100	66
287	Go Like Elijah	134	40
288	Chop Suey!	127	80
289	Sorry - (Live in Tivoli)	68	47
290	Black or White - Single Version	115	64
291	Shut Your Eyes	125	42
292	Ironic	171	62
293	I Bet You Look Good On The Dancefloor	103	58
294	Hurt	90	75
295	Vogue	116	66
296	If I Were a Boy	90	68
297	Dyna-Mite	141	40
298	Une Belle Histoire (Een Mooi Verhaal)	87	38
299	Sandstorm - Radio Edit	136	61
300	Right Next Door (Because Of Me)	87	52
301	Hald Mich 'S Vas	179	39
302	Like a Prayer	111	71
303	Rockin' All Over The World	131	47
304	Blue Hotel	149	42
305	Dear Mr. President	128	43
306	Stiekem Gedanst	96	53
307	Human	135	73
308	Lady Madonna - Remastered 2015	110	63
309	Both Sides Now	78	65
310	God Is a DJ	131	57
311	Viva La Vida	138	78
312	Kids	123	76
313	Bend & Break	138	43
314	We Can Work It Out - Remastered 2015	106	63
315	Sing for Absolution	170	57
316	Superstition - Single Version	100	77
317	Vertigo	140	65
318	By the Way	122	74
319	Hey Jude	74	63
320	November	186	35
321	Geef Mij Je Angst	81	54
322	Stuck In The Middle With You	124	72
323	Het Regent Zonnestralen	108	57
324	Violet Hill	76	61
325	Dog Days Are Over	150	69
326	Beautiful Day	136	63
327	Major Tom	164	48
328	An End Has a Start	150	53
329	Lost!	87	53
330	What It Is	122	43
331	Blue Monday - 2016 Remaster	130	73
332	Behind Blue Eyes	120	72
333	Rehab	72	74
334	Bird of Paradise	144	52
335	I'm Yours	151	82
336	Onderweg	98	59
337	Mr. Bojangles - Single Version	117	56
338	Unwritten	100	76
339	Resistance	135	63
340	Bedshaped	75	41
341	Mia	114	52
342	You Oughta Know	105	52
343	Overcome	146	49
344	Stand My Ground	88	56
345	Chasing Cars	104	78
346	Dani California	96	76
347	Unfinished Sympathy	114	53
348	Nine Million Bicycles	82	61
349	You're Beautiful	82	76
350	It's My Life	120	77
351	Politik	171	62
352	Mooie Dag	85	40
353	In Nije Dei	130	38
354	Sex on Fire	153	79
355	Hallelujah	182	49
356	Somewhere Only We Know	172	67
357	Sunrise	106	55
358	How You Remind Me	172	78
359	When You Say Nothing At All	174	74
360	Hard Sun	143	66
361	Belfast Child	81	43
362	Feel Good Inc.	139	80
363	Alles Is Liefde	144	36
364	Jerusalem	132	40
365	Mr Bojangles	137	58
366	Tranen Gelachen	186	50
367	When The Sun Goes Down	169	57
368	Frozen	108	55
369	The Racing Rats	153	43
370	Poker Face	119	69
371	Life in Technicolor ii	131	47
372	One	94	47
373	Ruby	93	62
374	Het Land Van	83	49
375	Bad Romance	119	79
376	Elevation	110	49
377	Trouble	140	71
378	De Peel In Brand	199	33
379	Black Betty	117	61
380	Wrong	90	48
381	Never Be Clever	138	41
382	Undisclosed Desires	116	65
383	Auto Vliegtuug	96	34
384	Meer Dan Een Ander	94	34
385	Brabant	82	61
386	Mother Earth	105	45
387	One More Time	123	75
388	(You're The) Devil in Disguise	123	65
389	TRUE - Single Edit	97	72
390	Make It Wit Chu	92	59
391	Bring Me To Life	95	78
392	Clocks	131	76
393	Farewell To The Fairground	118	54
394	Bliss	128	46
395	Kijk Omhoog	166	48
396	9 Crimes	74	57
397	Working On a Dream	110	48
398	Nutbush City Limits	77	56
399	Do They Know It's Christmas? - 1984 Version	115	84
400	Changes	111	72
401	Mag Ik Dan Bij Jou	132	53
402	Sterrenstof	97	48
403	Love Will Tear Us Apart - 2010 Remaster	147	64
404	Mag Het Licht Uit	113	43
405	Why Tell Me Why	112	54
406	Wonderful Days	174	37
407	Dat Komt Door Jou	134	57
408	Don't Give up the Fight	91	27
409	I Follow Rivers - Live @ Giel!	110	42
410	Liverpool Rain	183	26
411	No Mercy	104	36
412	Peter Gunn Theme	131	14
413	Alors on danse	120	61
414	The Eve of the War	127	28
415	A Night Like This	123	40
416	Raise Your Glass	122	76
417	Verdammt ich lieb dich - Remastered	100	38
418	Christmas Lights	131	84
419	The Promise You Made	117	48
420	Back Home	123	37
421	Times Are Changing	123	47
422	Proosten	136	49
423	Just the Way You Are	109	80
424	Need You Now	108	53
425	Man Down	156	59
426	Pyro	115	66
427	You Got It	115	44
428	Atmosphere - 2010 Remaster	120	51
429	Grenade	110	75
430	Have You Ever Been Mellow	172	47
431	Back Down South	117	58
432	Riverside	99	48
433	Hold On Tight	89	38
434	Someone Like You	135	79
435	Set Fire to the Rain	108	75
436	Rainbow In The Sky - K & A's Radio Blast	168	60
437	Levels	126	58
438	Somebody That I Used To Know	129	76
439	Paradise	140	78
440	Rood	138	53
441	A Boy Named Sue (Live)	105	18
442	Still Loving You	104	72
443	Little Black Submarines	95	65
444	Walk	138	69
445	The A Team	85	76
446	kom terug	97	47
447	Prachtig mooie dag	103	42
448	lippy kids	155	29
449	Titanium (feat. Sia)	126	67
450	Faster	120	53
451	Lonely Boy	166	73
452	Turning Tables	80	66
453	Luv U More - K&A's Radio blast	168	51
454	Kan Ik Iets Voor Je Doen	79	30
455	Driver's Seat	133	54
456	Zing Voor Me	82	52
457	Every Teardrop Is a Waterfall	118	68
458	Waarom Nou Jij	140	40
459	Mijn Vlakke Land	79	33
460	Rumour Has It	120	65
461	Keep Your Head Up	79	66
462	Pumped Up Kicks	128	84
463	Happiness	89	49
464	Give Me Love	116	73
465	Gold on the Ceiling	130	69
466	Ni**as In Paris	140	77
467	Run the World (Girls)	127	75
468	I Won' T Let You Down	106	33
469	Love On Top	94	76
470	Lego House	160	71
471	Skinny Love	166	75
472	Dust Bowl	86	44
473	Damn Those Eyes	172	39
474	These Days	135	64
475	Original Sin	132	42
476	Terug Naar De Kust	117	39
477	Georgia on My Mind	131	49
478	Charlie Brown	138	67
479	I've Just Lost Somebody	88	27
480	Skyfall - Full Length	76	74
481	Zo Stil	170	54
482	Holiday In Spain	126	56
483	Radioactive	136	73
484	Video Games - Remastered	122	55
485	Demons	90	73
486	She	131	64
487	Just Give Me a Reason (feat. Nate Ruess)	95	81
488	Try	104	73
489	I Will Wait	131	69
490	Home Again	142	44
491	Tubular Bells	149	31
492	Winter	78	19
493	Droomland	100	42
494	Wat Zou Je Doen?	184	51
495	Madness	180	70
496	Sovereign Light Café	123	51
497	Can't Hold Us - feat. Ray Dalton	146	83
498	Lover of the Light	107	57
499	San Quentin	84	27
500	On Top Of The World	100	66
501	Flappie	131	52
502	Home Again	85	51
503	If You Could See Me Now	100	51
504	Hall of Fame	85	70
505	Dodenrit	148	34
506	When I Was Your Man	73	82
507	I Won't Give Up	137	72
508	Slapeloze Nachten	112	57
509	One Moment in Time	155	54
510	Zaterdag	141	41
511	Babel	80	57
512	Hopeless Wanderer	154	58
513	Follow the Sun	124	67
514	Later Als Ik Groter Ben	130	48
515	Clown	119	46
516	Stay - Album Version (Edited)	112	66
517	Diamonds	92	67
518	It's Time	105	66
519	Little Talks	103	75
520	Euphoria	132	56
521	Oceaan	126	63
522	Lola Montez	152	57
523	Wake Me Up	124	85
524	Formidable	71	49
525	Do I Wanna Know?	85	82
526	Another Love	123	58
527	Hey Brother	125	78
528	I See Fire	76	64
529	This Is What It Feels Like	130	65
530	All of Me	120	86
531	Dansen Op De Vulkaan	151	40
532	Witch Doctor	145	47
533	Diamonds	170	35
534	Let Her Go	75	76
535	Papaoutai	116	55
536	Strong	78	49
537	Layla	114	32
538	Pompeii	127	70
539	Waves	174	59
540	Get Lucky (feat. Pharrell Williams & Nile Rodgers) - Radio Edit	116	77
541	All I Want	86	72
542	Addicted To You	128	69
543	Animals	128	65
544	Just Say Yes	108	48
545	Watermensen	144	36
546	Sky and Sand	127	67
547	The Monster	110	75
548	Mirrors	77	77
549	Story of My Life	121	80
550	Royals	85	79
551	tous les mêmes	110	53
552	Mijn Van Straat Geredde Roos	81	33
553	Love You Like I Love Myself	148	28
554	I Sat By The Ocean	117	66
555	Everybody (Backstreet's Back) - Radio Edit	108	62
556	A Ton of Love	142	26
557	Foolish Games	131	41
558	Grow Old with Me	146	49
559	Things We Lost In The Fire	134	48
560	Blurred Lines	120	76
561	The Road To Mandalay	99	30
562	Iron Sky	140	49
563	A Sky Full of Stars	125	78
564	Rolling In The Deep	105	61
565	Streets	168	57
566	Thinking out Loud	79	84
567	Take Me to Church	129	77
568	Une belle histoire	83	40
569	In Your Arms	93	60
570	Born Slippy (Nuxx)	140	65
571	War	126	59
572	Op 't platteland	80	27
573	"Happy - From ""Despicable Me 2"""	160	80
574	Calm After The Storm	116	52
575	Riddles	148	52
576	Under The Pressure	134	60
577	Magic	93	73
578	Photograph	108	84
579	All For Nothing	152	47
580	My Silver Lining	102	64
581	Zandloper	135	47
582	Home	130	42
583	Red Eyes	162	65
584	L'amour Toujours (Small Mix)	139	70
585	"See Me, Feel Me - Single Version"	94	39
586	Hemel Valt	97	43
587	Glycerine	114	65
588	Wit Licht	146	43
589	Yellow Submarine	111	58
590	California Love	92	41
591	Superheroes	167	75
592	Stay With Me	84	84
593	Shake It Off	160	66
594	Looking Too Closely	175	63
595	No Good in Goodbye	156	59
596	Counting Stars	122	74
597	Time After Time	130	72
598	Sexy Als Ik Dans	94	49
599	Done With It	116	49
600	Love Never Felt So Good	118	70
601	Shut Up and Dance	128	82
602	Nothing Really Matters	135	61
603	Promises of No Man's Land	124	43
604	Let It Go	147	74
605	The Sound of Silence	86	75
606	Het Dorp - Live	114	15
607	Psycho	125	69
608	Élan	128	58
609	Dat Ik Je Mis	174	29
610	Heading Up High	128	53
611	Zeg Maar Niets Meer - Remastered	95	26
612	Chandelier	117	71
613	Uptown Funk	115	82
614	Birds	85	33
615	Michel	122	20
616	Let It Happen	125	76
617	Everglow	146	69
618	The Less I Know The Better	117	85
619	Ordinary Love	121	45
620	Stressed Out	170	83
621	For Bitter Or Worse	83	21
622	All I Need - Edit	95	41
623	Hymn for the Weekend	90	78
624	Adventure of a Lifetime	112	74
625	Three Days In A Row	171	13
626	Moondance	135	42
627	R U Kiddin' Me	89	16
628	"Theme From New York, New York"	109	68
629	Hold Me	161	26
630	Budapest	128	68
631	Shoes of Lightning	78	32
632	Mercy	130	60
633	Tennessee Whiskey	49	78
634	"Oxygene, Pt. 4"	189	57
635	A Head Full of Dreams	123	68
636	We Come 1 - Radio Edit	136	54
637	Forever Man - 2015 Remaster	111	46
638	Down Man	168	35
639	Liquid Spirit - Claptone Remix	121	63
640	Living Doll - 2003 Remaster	127	33
641	Ocean of Night	106	58
642	Be the One	87	73
643	Up&Up	164	70
644	Ship To Wreck	142	54
645	Love Yourself	100	83
646	Happy Xmas (War Is Over)	147	47
647	Sorry	134	63
648	Cold Little Heart	108	67
649	Barcelona	170	40
650	Leef	121	62
651	Hello	158	73
652	Against All Odds (Take a Look at Me Now) - 2016 Remaster	116	74
653	Treur Niet (Ode Aan Het Leven)	98	60
654	When We Were Young	144	73
655	Do I Ever	163	53
656	"CAN'T STOP THE FEELING! (Original Song from DreamWorks Animation's ""TROLLS"")"	113	75
657	Whatever You Want	123	36
658	Lazarus	130	61
659	Million Years Ago	106	62
660	Dark Necessities	92	74
661	You Want It Darker	109	63
662	Bridges	150	49
663	Once Upon a Time in the West - Main Theme	90	54
664	Mooi	150	59
665	I Just Can't Help Believin'	142	44
666	Love & Hate	170	66
667	New Gold Dream (81/82/83/84)	123	44
668	Disco Inferno	130	54
669	Someone Somewhere (In Summertime)	100	41
670	24K Magic	107	78
671	Blackstar	98	55
672	Water Under the Bridge	95	67
673	All I Ask	142	70
674	The Life I Live	131	27
675	We All Stand Together - Remastered 2016	72	24
676	Heathens	90	81
677	Jacob’s Song	74	40
678	Way Down We Go	163	76
679	7 Years	120	80
680	Forbidden Colours	105	28
681	The Book Of Love	108	34
682	Zoutelande - feat. Geike	129	41
683	Pokémon Theme-New Studio Recording	145	41
684	Perfect	95	87
685	Thriller	118	69
686	Boulevard of Broken Dreams	167	74
687	What About Us	114	76
688	Shape of You	96	87
689	Believer	125	88
690	Human	75	78
691	Het het nog nooit zo donker west	98	28
692	Castle on the Hill	135	79
693	Sign of the Times	120	80
694	In the Blood	80	66
695	Nao ’t Zuuje	190	41
696	"Roll Over Lay Down - Live At The Kursaal, Southend / 1975"	132	32
697	Whatever It Takes	135	82
698	Amigo	145	33
699	Iederene Hef Een Reden	108	41
700	Everything Now	116	66
701	Sorry	128	62
702	One More Light	84	75
703	Through the Barricades - Remastered	146	60
704	Freedom! '90 - Remastered	92	69
705	Amsterdam	168	63
706	Something Just Like This	103	84
707	Thunder	168	86
708	Thinking Of A Place	103	59
709	Happier	90	83
710	Galway Girl	100	80
711	Sunny Days	115	54
712	Supermarket Flowers	90	78
713	Holiday	147	67
714	Max	125	25
715	Rapper's Delight	112	48
716	Pain	116	62
717	Love On The Rocks	103	40
718	Tuesday Afternoon (Forever Afternoon)	114	50
719	Magnificent (She Says)	92	31
720	Nicotine	90	36
721	Homesick	86	71
722	Beautiful Trauma	96	68
723	World Gone Mad	140	64
724	Leave a Light On	69	75
725	Skin	171	69
726	Lost on You	174	78
727	Shallow	96	88
728	Kleine Jongen	91	30
729	Duurt Te Lang	174	68
730	I Want To Break Free	109	59
731	September	126	82
732	Voor Haar	82	30
733	Testament	122	28
734	Atemlos durch die Nacht	128	38
735	Zij Gelooft In Mij	152	30
736	Verdronken Vlinder	128	29
737	Als Het Avond Is	105	65
738	De Vlieger	105	27
739	Geef Mij Je Angst	140	30
740	Natural	100	84
741	IJskoud	98	65
742	Welterusten Mijnheer De President	131	23
743	Jimmy	111	32
744	Bad Liar	178	83
745	Sammy	81	23
746	High Hopes	82	87
747	Het Land Van Maas En Waal	126	23
748	Shotgun	116	82
749	New Light	124	81
750	You Say	148	80
751	Een Beetje Verliefd	198	32
752	Someone You Loved	110	85
753	Banger Hart - Radio Mix	124	16
754	Malle Babbe	87	15
755	Vluchten Kan Niet Meer	87	17
756	Faded	180	80
757	High On Life (feat. Bonn)	128	78
758	Het Is Koud Zonder Jou	197	30
759	N Vriend	68	31
760	Always Remember Us This Way	130	81
761	Een Meisje Van Zestien	140	20
762	Why Don't You Do Right	106	44
763	De Zon Op	100	52
764	Youngblood	120	84
765	Prikkebeen	109	17
766	Outlaw In 'Em	87	39
767	Als De Rook Om Je Hoofd Is Verdwenen	132	19
768	Skandal im Sperrbezirk	93	26
769	Pain and Misery	89	50
770	I Do	73	52
771	Het Laatste Rondje - Remastered	103	33
772	Guiding Light	100	60
773	Havana (feat. Young Thug)	105	85
774	Hou Vol Hou Vast	86	12
775	One Kiss (with Dua Lipa)	124	86
776	Nothing Breaks Like a Heart (feat. Miley Cyrus)	114	79
777	Lay Your Weapons Down	94	21
778	In My Blood	140	82
779	Roller Coaster	97	70
780	Arcade	72	73
781	A Whiter Shade of Pale - Original Single Version	150	67
782	Don't You (Forget About Me)	111	73
783	The Load-Out - Remastered	106	37
784	Stay - Remastered	107	36
785	Last Christmas	108	85
786	Time To Give	120	50
787	bad guy	135	95
788	Memories	91	98
789	Love Like Blood	124	37
790	Reünie	96	71
791	About A Girl - Live Version	121	50
792	DEUTSCHLAND	120	72
793	Phantom Of The Opera	132	56
794	Dance Monkey	98	100
795	Blauwe Dag	98	68
796	Homburg - Single Version - 2009 Remaster - Mono	142	32
797	Uncharted	139	65
798	Despacito	178	80
799	Dancing On My Own	113	28
800	Child in Time	127	45
801	Let It Be - Remastered 2009	143	79
802	Bridge Over Troubled Water	80	71
803	Paranoid - 2016 Remaster	163	68
804	Have You Ever Seen The Rain	116	71
805	Your Song	128	77
806	The Boxer	93	72
807	Du	94	53
808	I Walk the Line	99	71
809	Samba Pa Ti	92	63
810	Immigrant Song - Remaster	113	77
811	Who'll Stop The Rain	124	66
812	Our House	140	68
813	Teach Your Children	155	63
814	The Long And Winding Road - Remastered 2009	132	64
815	Father And Son	136	74
816	Almost Cut My Hair	137	62
817	El Condor Pasa (If I Could)	148	62
818	Question	76	50
819	I Heard It Through The Grapevine	119	47
820	Since I've Been Loving You - 1990 Remaster	119	63
821	Get Back - Remastered 2009	123	65
822	The Man Who Sold the World - 2015 Remaster	118	63
823	Long As I Can See The Light	127	60
824	Roadhouse Blues	121	73
825	My Sweet Lord	121	76
826	Memories	131	29
827	Cecilia	103	73
828	Fire and Rain	76	73
829	Lookin' Out My Back Door	105	67
830	25 or 6 to 4 - 2002 Remaster	147	64
831	Working Class Hero - Remastered 2010 / Lennon Legend Version	159	57
832	Lucky Man - 2012 Remastered Version	154	60
833	Into the Mystic - 2013 Remaster	86	72
834	Carry On	119	58
835	(They Long To Be) Close To You	89	60
836	Move On Up	139	67
837	Tears In The Morning - Remastered 2009	128	38
838	Up Around The Bend	130	69
839	Southern Man - 2009 Remaster	162	53
840	Stairway to Heaven - Remaster	82	79
841	Imagine - Remastered	76	78
842	Riders on the Storm	104	74
843	Echoes	134	58
844	Vincent	92	69
845	Me and Bobby McGee	93	71
846	Baba O'Riley	117	77
847	Life on Mars? - 2015 Remaster	123	71
848	I Am...I Said - Single Version	91	60
849	Ain't No Sunshine	80	76
850	Wild Horses	140	72
851	L.A. Woman	171	67
852	What's Going On	203	69
853	Halo of Flies	122	44
854	American Pie	138	74
855	Tiny Dancer	145	79
856	Morning Has Broken	133	68
857	One Way Wind	109	54
858	One of These Days	104	55
859	Nothing Rhymed	175	35
860	Brown Sugar - Remastered	129	71
861	You've Got a Friend	169	68
862	Locomotive Breath	125	60
863	She Flies On Strange Wings	131	37
864	Changes - 2015 Remaster	115	66
865	Mercedes Benz	87	58
866	Honky Tonk Women - Mono Version	120	67
867	You've Got a Friend	92	68
868	Cry Baby	83	66
869	Storm And Thunder	133	24
870	Roundabout - 2003 Remaster	133	66
871	Maggie May	129	72
872	Won't Get Fooled Again - Original Album Version	135	65
873	After Midnight	96	62
874	Give Up Your Guns	131	39
875	Love Her Madly	147	67
876	Rock and Roll - Remaster	170	67
877	Black Dog - Remaster	81	73
878	Call Me The Breeze	92	58
879	Famous Blue Raincoat	119	63
880	Behind Blue Eyes	127	71
881	Yours Is No Disgrace - 2003 Remaster	141	43
882	See Emily Play	124	50
883	Smoke on the Water	114	64
884	Perfect Day	145	69
885	"Rocket Man (I Think It's Going To Be A Long, Long Time)"	137	82
886	Heart of Gold - 2009 Remaster	171	71
887	Starman - 2012 Remaster	100	74
888	Take It Easy - 2013 Remaster	139	75
889	A Horse with No Name	123	77
890	Time In A Bottle	134	58
891	Lola - Live	134	29
892	Easy Livin'	161	56
893	Ben - Single Version	136	53
894	Walk On the Wild Side	105	75
895	She's A Rainbow - Full Version / With Intro	109	55
896	You're so Vain	106	75
897	Ziggy Stardust - 2012 Remaster	161	64
898	Whiskey In The Jar	128	63
899	Listen to the Music	106	75
900	Top Of The World	184	65
901	School's Out	134	66
902	A Thing Called Love	156	54
903	Harvest - 2009 Remaster	86	51
904	Sylvia's Mother	167	58
905	"Close to the Edge (i. The Solid Time of Change, ii. Total Mass Retain, iii. I Get up I Get Down, iv. Seasons of Man) - 2003 Remaster"	81	47
906	Ventura Highway	131	69
907	Witchy Woman - Eagles 2013 Remaster	99	56
908	Song Sung Blue - Single Version	109	54
909	Sylvia	109	47
910	Peaceful Easy Feeling - Eagles 2013 Remaster	143	65
911	Do It Again	125	69
912	Radar Love	102	57
913	Angie	136	72
914	Desperado - 2013 Remaster	60	66
915	Dream On	161	78
916	Time	120	70
917	Free Bird	117	71
918	Money	124	73
919	Always On My Mind	181	61
920	The Great Gig in the Sky	116	66
921	La Grange - 2005 Remaster	81	74
922	"Leaving, On a Jet Plane - ""Greatest Hits"" Version"	121	64
923	Us and Them	73	65
924	Firth of Fifth - New Stereo Mix	85	41
925	Band On The Run - Remastered 2010	125	71
926	Sebastian - 2012 Remaster	140	46
927	Tequila Sunrise - 2013 Remaster	111	62
928	Knockin' On Heaven's Door - Remastered	140	74
929	Burning Love	144	68
930	Goodbye Yellow Brick Road - Remastered 2014	121	68
931	Midnight Train to Georgia	92	67
932	Daniel	132	65
933	The Joker	83	75
934	Long Train Runnin'	117	71
935	I'll Have To Say I Love You In A Song	134	53
936	The Jean Genie - 2013 Remaster	128	64
937	Merry Xmas Everybody	130	76
938	Woman from Tokyo	127	37
939	Don't Let Me Down - Remastered 2009	77	68
940	Let's Get It On	168	69
941	School	90	63
942	Jolene	111	74
943	Killer Queen - 2011 Mix	117	67
944	Sweet Home Alabama	98	82
945	Waterloo	148	58
946	Annie's Song	146	69
947	Dreamer	148	59
948	You Are So Beautiful	83	57
949	My Boy	92	42
950	Rebel Rebel - 2016 Remaster	126	74
951	Crime Of The Century	123	43
952	Autobahn - 2009 Remaster	82	48
953	I Will Always Love You	136	61
954	Thank God I'm a Country Boy	106	64
955	The Air That I Breathe - 2008 Remaster	168	66
956	Love Is All	112	48
957	Hide In Your Shell	112	43
958	Gute Nacht Freunde	100	46
959	Fox On The Run	128	55
960	You Ain't Seen Nothing Yet	118	69
961	Mandy	104	69
962	Can't Get It out of My Head	169	51
963	The Way We Were	138	59
964	Bohemian Rhapsody - 2011 Mix	144	77
965	Love Of My Life - Remastered 2011	79	62
966	Shine On You Crazy Diamond (Pts. 1-5)	138	66
967	Born to Run	146	73
968	Kashmir - 1990 Remaster	81	69
969	"No Woman, No Cry - Live At The Lyceum, London/1975"	78	70
970	One of These Nights - 2013 Remaster	110	69
971	Mamma Mia	138	63
972	Landslide	159	77
973	Thunder Road	141	66
974	I'm Not In Love	134	70
975	Rhiannon	129	68
976	Lyin' Eyes - 2013 Remaster	133	65
977	You're My Best Friend - Remastered 2011	119	61
978	Jungleland	134	51
979	Love Hurts	80	58
980	Down Down	90	53
981	Sailing	129	68
982	39 - 2011 Mix	102	52
983	Calypso	180	54
984	50 Ways to Leave Your Lover	102	69
985	It's A Long Way There - 2010 Digital Remaster	89	49
986	Crazy On You	130	65
987	Wij Zullen Doorgaan - 1975 Single Version	81	37
988	Make Me Smile (Come up and See Me) - 2014 Remaster	141	63
989	House For Sale	128	37
990	S.O.S.	125	49
991	Nights On Broadway	89	53
992	At Seventeen - Remastered	125	48
993	Take It to the Limit - 2013 Remaster	91	63
994	Fame - 2016 Remaster	95	60
995	Sex Machine - Pt. 1 & 2	106	27
996	Show Me The Way	130	66
997	Meeting Across the River	105	43
998	Love Is The Drug	125	60
999	Still Crazy After All These Years	37	61
1000	Hotel California - 2013 Remaster	147	82
1001	Somebody To Love - 2011 Mix	112	70
1002	Dancing Queen	101	72
1003	The Last Resort - 2013 Remaster	126	52
1004	Hurricane	136	69
1005	More Than a Feeling	109	78
1006	(Don't Fear) The Reaper	141	75
1007	New Kid in Town - 2013 Remaster	107	64
1008	If You Leave Me Now	104	74
1009	Wild Is the Wind - 2016 Remaster	98	53
1010	Tie Your Mother Down - Remastered 2011	135	50
1011	Fernando	111	56
1012	"Knowing Me, Knowing You"	107	52
1013	Fool To Cry - Remastered 2009	68	55
1014	Carry on Wayward Son	127	75
1015	New York State of Mind	121	61
1016	Golden Years - 2016 Remaster	108	60
1017	Isn't She Lovely	119	67
1018	I Wish	106	64
1019	Tom Traubert's Blues (Four Sheets To The Wind In Copenhagen)	135	52
1020	The Boys Are Back In Town	81	74
1021	Livin' Thing	123	70
1022	Sir Duke	107	72
1023	Blitzkrieg Bop - 2016 Remaster	177	71
1024	Fly Like An Eagle	100	68
1025	Blinded By The Light	142	61
1026	Cocaine	104	59
1027	The Ballroom Blitz	109	54
1028	"Money, Money, Money"	121	44
1029	Wasted Time - 2013 Remaster	118	54
1030	Theme From Mahogany (Do You Know Where You're Going To) - Single Version	140	49
1031	Heroes - 2017 Remaster	112	75
1032	Paradise By the Dashboard Light	173	67
1033	Go Your Own Way - 2004 Remaster	135	73
1034	Mr. Blue Sky	178	80
1035	Fool's Overture	135	56
1036	Whole Lotta Rosie	159	65
1037	We Will Rock You - Remastered	81	70
1038	The Chain - 2004 Remaster	152	78
1039	Three Little Birds	148	78
1040	We Are The Champions - Remastered 2011	64	66
1041	She's Always a Woman	177	72
1042	Worn Down Piano	112	32
1043	Dust in the Wind	94	77
1044	Bat Out of Hell	172	60
1045	Solsbury Hill	102	60
1046	Thank You For The Music	200	48
1047	Wonderful Tonight	96	73
1048	Lust For Life	104	68
1049	She's Not There	130	52
1050	Stayin' Alive	104	60
1051	Psycho Killer - 2005 Remaster	123	73
1052	Fantasy	89	48
1053	Songbird - 2004 Remaster	184	56
1054	Let There Be Rock	91	62
1055	Don't Stop - 2004 Remaster	119	67
1056	I Feel Love	127	46
1057	The Passenger	135	72
1058	Het Werd Zomer	133	49
1059	Take A Chance On Me	107	63
1060	Give A Little Bit	91	74
1061	Sound and Vision - 2017 Remaster	106	62
1062	Spread Your Wings - 2011 Mix	175	50
1063	You Took The Words Right Out of My Mouth (Hot Summer Night)	125	57
1064	Two Out of Three Ain't Bad	80	60
1065	Cocaine	105	68
1066	Barracuda	137	74
1067	One Love / People Get Ready - Medley	76	74
1068	Cold as Ice	133	68
1069	The Name Of The Game	77	46
1070	Mannish Boy	111	63
1071	I Want You to Want Me	93	70
1072	Scenes from an Italian Restaurant	98	60
1073	God Save the Queen	148	51
1074	La vie en rose	177	58
1075	Spanish Stroll	129	47
1076	Le Freak - 2018 Remaster	119	69
1077	Lovely Day	98	72
1078	Isn't It Time	117	49
1079	Just the Way You Are	139	68
1080	Anarchy in the U.K.	134	54
1081	You Make Loving Fun - 2004 Remaster	127	58
1082	Sultans of Swing	148	66
1083	Don't Stop Me Now - 2011 Mix	156	76
1084	Laat Me	102	50
1085	Wuthering Heights	125	68
1086	Saturday Night	92	48
1087	Roxanne	134	78
1088	Hold the Line	96	75
1089	The Man with the Child in His Eyes	90	53
1090	Badlands	123	58
1091	Baker Street	114	69
1092	Dreadlock Holiday	105	67
1093	Fat Bottomed Girls - Single Version	88	51
1094	Runnin' with the Devil - 2015 Remaster	96	70
1095	Bicycle Race - Remastered 2011	83	55
1096	Follow You Follow Me - 2007 Remaster	93	51
1097	So Lonely	77	66
1098	How You Gonna See Me Now	137	49
1099	Miss You - Remastered	110	67
1100	"Stir It Up - Live At The Pavillon De Paris, 1977"	91	40
1101	Is This Love	122	76
1102	Because the Night	123	66
1103	What a Fool Believes	121	69
1104	Still Believe	95	38
1105	Rivers of Babylon	115	65
1106	Don't Look Back	122	55
1107	Beast Of Burden - Remastered	101	74
1108	Honesty	135	59
1109	Born to Be Alive - Original Mix 79	131	66
1110	Fire	118	56
1111	You Don't Bring Me Flowers	67	56
1112	Water of Love	121	41
1113	Comfortably Numb	127	75
1114	Highway to Hell	116	83
1115	"Another Brick in the Wall, Pt. 2"	104	77
1116	The Rose	134	67
1117	The Logical Song - Remastered 2010	120	72
1118	I Was Made For Lovin' You	128	78
1119	Gimme! Gimme! Gimme! (A Man After Midnight)	120	64
1120	Message In A Bottle	151	74
1121	Hey You	112	68
1122	One Step Beyond	155	42
1123	Chiquitita	84	56
1124	Does Your Mother Know	136	45
1125	How Deep Is Your Love	105	77
1126	Bright Eyes	113	57
1127	Take The Long Way Home - 2010 Remastered	77	64
1128	Breakfast In America - Remastered	75	70
1129	I Have A Dream	104	49
1130	Boogie Wonderland	132	73
1131	Boys Don't Cry - Single Version	169	63
1132	Voulez-Vous	127	53
1133	September Morn	129	59
1134	MacArthur Park - Single Version	131	52
1135	Don't Stop 'Til You Get Enough - Single Version	119	74
1136	London Calling - Remastered	134	73
1137	Night Boat to Cairo	156	34
1138	Goodbye Stranger - 2010 Remastered	125	66
1139	Walking On The Moon	146	64
1140	Don't Bring Me Down	116	70
1141	Tragedy	118	64
1142	Off the Wall	119	62
1143	The Worker	82	44
1144	Sure Know Something	115	52
1145	Relight My Fire - Single Version	120	52
1146	Weekend Love	167	44
1147	"More Than A Woman - From ""Saturday Night Fever"" Soundtrack"	106	70
1148	Rock with You - Single Version	114	73
1149	Weekend	122	49
1150	Dancin' Fool	133	40
1151	We Belong to the Night	101	40
1152	Sausolito Summernight - Digitally Remastered 2017	125	39
1153	The River	117	66
1154	A Forest - Remastered Version	81	53
1155	The Winner Takes It All	127	59
1156	Ace of Spades	140	74
1157	Another One Bites The Dust - Remastered 2011	110	74
1158	Back In Black	188	83
1159	Romeo and Juliet	87	54
1160	Redemption Song	116	71
1161	You Shook Me All Night Long	127	78
1162	Crazy Little Thing Called Love - Remastered 2011	77	66
1163	Lay All Your Love On Me	133	48
1164	Long Blond Animal	169	39
1165	Think	129	56
1166	Once in a Lifetime - 2005 Remaster	117	69
1167	The Turn of a Friendly Card	151	32
1168	So Long	127	49
1169	Tunnel of Love (Intro: The Carousel Waltz)	137	43
1170	Happy New Year	133	50
1171	Ashes to Ashes - 2017 Remaster	120	62
1172	Foto Van Vroeger	178	31
1173	Could You Be Loved	103	77
1174	9 to 5	105	76
1175	Everybody Needs Somebody to Love	194	63
1176	Super Trouper	118	60
1177	Save Me - Remastered 2011	82	51
1178	Keep on Loving You	175	71
1179	Woman in Love	170	68
1180	The Spirit Of Radio	136	63
1181	Baggy Trousers	145	33
1182	Hungry Heart	110	69
1183	Guilty (feat. Barry Gibb)	151	67
1184	Biko	179	36
1185	Food For Thought	131	50
1186	Late in the Evening	119	58
1187	Enola Gay - Remastered	143	65
1188	Master Blaster (Jammin')	131	61
1189	Don't Stand So Close To Me	140	67
1190	Wish You Were Here	121	47
1191	In The Air Tonight - 2015 Remastered	190	77
1192	Don't Stop Believin'	119	80
1193	The Day Before You Came	108	51
1194	Golden Brown	94	67
1195	Every Little Thing She Does Is Magic	82	73
1196	Start Me Up - Remastered	122	76
1197	One Of Us	82	59
1198	Waiting On A Friend - Remastered 2009	117	58
1199	Tainted Love	145	53
1200	Memory	76	56
1201	Everytime I Think of You - 2000 Remaster	121	35
1202	Don't You Want Me	118	74
1203	I'll Find My Way Home - Remastered	172	43
1204	Je Loog Tegen Mij	79	46
1205	Africa	93	84
1206	Telegraph Road	125	41
1207	Under Pressure - Remastered	114	72
1208	Old and Wise	112	58
1209	Private Investigations	84	38
1210	Billie Jean	117	81
1211	Run to the Hills - 2015 Remaster	174	60
1212	Twilight Zone	119	47
1213	Eye In The Sky	112	67
1214	Rosanna	78	70
1215	Is She Really Going Out With Him? - Live	111	35
1216	Bloedend Hart	115	24
1217	Belgie ... (Is Er Leven Op Pluto ...)	141	52
1218	1999	119	68
1219	Islands In the Stream	204	65
1220	Real Men	114	31
1221	Come On Eileen	107	68
1222	Kristallnaach	159	47
1223	State of Independence	170	42
1224	You Can't Hurry Love - 2016 Remaster	98	76
1225	Burning Heart	125	43
1226	Always On My Mind	73	63
1227	Sexual Healing	94	71
1228	Vriendschap	170	46
1229	Human Nature	93	65
1230	Save a Prayer - 2009 Remaster	114	62
1231	Should I Stay or Should I Go - Remastered	113	79
1232	P.Y.T. (Pretty Young Thing)	127	71
1233	Wanna Be Startin' Somethin'	122	64
1234	It's Raining Again	121	60
1235	Steppin' Out	159	48
1236	A Slow Song	176	22
1237	Sunday Bloody Sunday - Remastered 2008	101	72
1238	Every Breath You Take	117	84
1239	Mama - 2007 Remaster	83	45
1240	99 Luftballons	95	73
1241	Sweet Dreams (Are Made of This) - Remastered	125	81
1242	I'm Still Standing	177	79
1243	Let's Dance - 2018 Remaster	115	71
1244	China Girl - 2002 Remaster	134	57
1245	Owner of a Lonely Heart	125	70
1246	Waterfront - 2002 Remaster	120	54
1247	Our House	122	58
1248	Just Can't Get Enough (Live in Hammersmith) - 2018 Remaster	127	45
1249	Message To My Girl	105	33
1250	Hello	61	59
1251	Pride and Joy	127	65
1252	Uptown Girl	129	77
1253	I Heard It Through The Grapevine	117	71
1254	Nescio	127	40
1255	Uncertain Smile	143	48
1256	Home by the Sea - 2007 Remaster	129	43
1257	Theme from Harry's Game	132	38
1258	Nur geträumt	177	56
1259	Gloria - Live	147	39
1260	Here Comes the Rain Again - Remastered Version	126	62
1261	Girls Just Want to Have Fun	120	76
1262	Club Tropicana	117	66
1263	Papa Can You Hear Me?	90	46
1264	Karma Chameleon - Remastered	92	72
1265	Buffalo Soldier	124	73
1266	Beast of Burden	105	53
1267	Purple Rain	113	75
1268	When The Lady Smiles	132	53
1269	Hallelujah	171	67
1270	Summer Of '69	139	81
1271	Radio Ga Ga - 2011 Mix	112	66
1272	The Unforgettable Fire - Remastered 2009	137	46
1273	Bad - Remastered 2009	99	41
1274	I'm On Fire	89	74
1275	Pride (In The Name Of Love) - Remastered 2009	106	59
1276	Fade To Black (Remastered)	113	62
1277	Dancing In the Dark	149	77
1278	Forever Young	137	74
1279	When Doves Cry	126	70
1280	I Want to Know What Love Is - 1999 Remaster	81	77
1281	Born in the U.S.A.	122	75
1282	Vienna	81	53
1283	My Hometown	117	58
1284	Slippery People - Live	111	54
1285	The Power Of Love	123	72
1286	The Boys Of Summer	177	76
1287	Private Dancer - 2015 Remaster	115	59
1288	Easy Lover	129	64
1289	Be My Number Two	110	52
1290	Tinseltown in the Rain	118	55
1291	Glory Days	117	67
1292	It's My Life - 1997 Remaster	126	69
1293	Heaven	140	76
1294	Smalltown Boy	135	71
1295	I Would Die 4 U	135	60
1296	Thank God It's Christmas - 2011 Remaster	86	72
1297	Let's Go Crazy	196	62
1298	Wake Me up Before You Go-Go	82	79
1299	You'll Never Walk Alone	79	44
1300	Run To You	127	65
1301	Perhaps Love	81	59
1302	Don't Answer Me	115	57
1303	Nightporter	110	41
1304	Big in Japan	98	66
1305	Relax	115	61
1306	Two Tribes	130	54
1307	Dancing with Tears in My Eyes	144	59
1308	That Was Yesterday	115	54
1309	How Soon Is Now? - 2011 Remaster	191	70
1310	No Surrender	154	52
1311	Brothers in Arms	79	52
1312	Jeanny	106	58
1313	Money for Nothing	134	62
1314	Kronenburg Park	90	53
1315	Walk of Life	172	61
1316	Take on Me	84	83
1317	Groot Hart	129	26
1318	Alive And Kicking	103	64
1319	Holding Back the Years - 2008 Remaster	86	68
1320	Running Up That Hill (A Deal With God)	108	67
1321	Cloudbusting	113	60
1322	Binnen Zonder Kloppen	117	26
1323	Nikita	87	68
1324	Everybody Wants To Rule The World	112	80
1325	Eye of the Tiger	109	76
1326	Russians	116	50
1327	Dancing in the Street - 2002 Remaster	131	57
1328	Raspberry Beret	121	69
1329	Your Latest Trick	123	46
1330	Road to Nowhere	110	55
1331	Why Worry	94	44
1332	Close to Me - Remastered	185	60
1333	So Far Away	114	50
1334	Broken Wings	99	60
1335	Shout	98	71
1336	Josephine	110	57
1337	Greatest Love of All	131	66
1338	In Between Days - 2006 Remaster	143	54
1339	I Got You Babe	174	65
1340	Moon Over Bourbon Street	125	51
1341	We Are The World	73	70
1342	Out In The Fields	180	52
1343	Hunting High and Low	117	37
1344	Take Me Home - 2016 Remaster	119	56
1345	Master of Puppets (Remastered)	105	67
1346	Angel Of Death	90	57
1347	Livin' On A Prayer	123	83
1348	Graceland	118	65
1349	Don't Give Up - 2012 Remaster	161	45
1350	Sometimes It Snows in April	104	53
1351	A Kind Of Magic - Remastered 2011	130	54
1352	The Final Countdown	118	75
1353	De Verzoening	101	47
1354	I Want You	123	51
1355	You Can Call Me Al	128	75
1356	Don't Dream It's Over	82	72
1357	Land of Confusion - 2007 Remaster	115	56
1358	Life's What You Make It - 1997 Remaster	92	59
1359	There Is a Light That Never Goes Out - 2011 Remaster	136	73
1360	You Give Love A Bad Name	123	80
1361	The Lady In Red	77	74
1362	One Vision - Remastered 2011	120	49
1363	Diamonds on the Soles of Her Shoes	111	63
1364	Absolute Beginners - 2002 Remaster	114	46
1365	Friends Will Be Friends - Remastered 2011	75	50
1366	Kiss	111	74
1367	In A Lifetime	134	32
1368	Wanted Dead Or Alive	150	73
1369	True Colors	172	69
1370	Bigmouth Strikes Again - 2011 Remaster	135	67
1371	Anne	115	42
1372	You Can Leave Your Hat On	174	58
1373	Living in Another World - 1997 Remaster	111	53
1374	"Fire - Live at the Winterland, San Francisco, CA - December 1978"	120	41
1375	Sledgehammer - 2012 Remaster	96	57
1376	Don't Leave Me This Way (with Sarah Jane Morris)	132	64
1377	The Way It Is	111	66
1378	Walk This Way (feat. Aerosmith)	106	68
1379	I'll Be Over You	82	68
1380	Why Can't This Be Love	88	65
1381	In Your Eyes - 2012 Remaster	89	54
1382	Fight For Your Right	134	68
1383	Homeless (with Ladysmith Black Mambazo)	91	49
1384	Live to Tell	110	56
1385	West End Girls - 2001 Remaster	113	68
1386	Invisible Touch - 2007 Remaster	131	60
1387	Over De Muur	96	55
1388	Sweet Child O' Mine	125	73
1389	With Or Without You - Remastered	110	80
1390	Where The Streets Have No Name - Remastered	126	66
1391	I Still Haven't Found What I'm Looking For	101	76
1392	Paradise City	100	71
1393	Fragile	82	62
1394	Englishman In New York	102	71
1395	Troy	116	51
1396	Welcome To The Jungle	124	72
1397	Tougher Than the Rest	99	62
1398	Smooth Criminal - 2012 Remaster	118	76
1399	Patience	120	66
1400	Everywhere - 2017 Remaster	115	78
1401	I Will Follow - Live	140	42
1402	Alone	175	73
1403	Sign 'O' the Times	198	54
1404	In the Dutch Mountains	85	44
1405	Never Tear Us Apart	97	60
1406	Here I Go Again - 2018 Remaster	90	65
1407	Liefde Van Later	121	41
1408	Unchain My Heart	118	62
1409	"Non, je ne regrette rien"	87	64
1410	Never Gonna Give You Up	113	66
1411	Running To Stand Still	95	55
1412	I Wanna Dance with Somebody (Who Loves Me)	119	81
1413	Have A Little Faith In Me	156	51
1414	Suzanne	129	43
1415	The Way You Make Me Feel - 2012 Remaster	114	72
1416	The One I Love - Remastered	128	63
1417	Bad - 2012 Remaster	114	68
1418	Apache	134	53
1419	The Cross	99	42
1420	Luka	125	45
1421	Seven Wonders - 2017 Remaster	119	63
1422	Lessons In Love	113	62
1423	Brilliant Disguise	126	57
1424	It's a Sin - 2001 Remaster	127	66
1425	Bullet The Blue Sky	153	55
1426	Wonderful Life	106	64
1427	It's The End Of The World As We Know It (And I Feel Fine)	206	67
1428	Is This Love - 2018 Remaster	180	58
1429	Laat Mij Maar Alleen	153	40
1430	You Win Again	169	63
1431	Liberian Girl - 2012 Remastered Version	105	59
1432	Winter in Hamburg	125	37
1433	One (Remastered)	103	67
1434	Fast Car	104	77
1435	Dreams	120	59
1436	Sara	127	56
1437	Stop Loving You	102	63
1438	Can I Play with Madness - 2015 Remaster	141	42
1439	Tonight (With David Bowie) - Live	102	44
1440	Tusk	181	54
1441	Maid Of Orleans	110	34
1442	Like The Way I Do	101	57
1443	Little Lies	125	59
1444	Zwart Wit	132	46
1445	All I Want Is You	186	63
1446	Take This Waltz	142	40
1447	Musica è	125	38
1448	When Love Comes To Town	116	50
1449	Ich bin wie du	129	45
1450	Pamela	98	53
1451	Orinoco Flow	115	57
1452	Listen to Your Heart	86	76
1453	Fairytale of New York (feat. Kirsty MacColl)	119	83
1454	Living Years	98	55
1455	Mushanga	122	45
1456	Baby Can I Hold You	74	72
1457	Big Love	125	49
1458	Angel Of Harlem	103	59
1459	Handle With Care	115	63
1460	(Something Inside) So Strong	82	50
1461	Into Temptation	84	49
1462	Twist in My Sobriety	115	46
1463	Sympathy For The Devil	115	56
1464	Another Day in Paradise - 2016 Remaster	102	74
1465	Niemand In De Stad	90	41
1466	Rockin' in the Free World	132	65
1467	Poison	119	70
1468	I Want It All - Remastered 2011	92	55
1469	Ik Kan Het Niet Alleen	142	52
1470	Leningrad	139	49
1471	Have I Told You Lately	144	68
1472	Lullaby	94	53
1473	The Best	104	64
1474	Breakthru - Remastered 2011	90	48
1475	Need Your Love So Bad	147	49
1476	Daar Gaat Ze	87	39
1477	Personal Jesus - Original Seven Inch Version	130	61
1478	Kingston Town	102	49
1479	Woman In Chains	160	66
1480	Nergens Goed Voor	102	47
1481	I Wish It Would Rain Down - 2016 Remaster	126	61
1482	If You Don't Know Me by Now - 2008 Remaster	94	72
1483	Free Fallin'	84	76
1484	Let Love Rule	153	51
1485	Epic	174	68
1486	Black Velvet	91	71
1487	We Didn't Start the Fire	145	73
1488	Sowing The Seeds Of Love	172	62
1489	New York Minute	132	55
1490	Something Happened on the Way to Heaven - 2016 Remaster	115	57
1491	Lovesong	140	60
1492	Monkey Gone to Heaven	116	61
1493	The Miracle - Remastered 2011	92	33
1494	The Invisible Man - Remastered 2011	120	47
1495	If I Could Turn Back Time	108	72
1496	Love Shack	134	69
1497	Thunderstruck	134	81
1498	Papa	120	57
1499	Enjoy the Silence - Single Mix	113	65
1500	Still Got The Blues	170	65
1501	Wind Of Change	152	77
1502	Nothing Compares 2 U	120	71
1503	Silent Lucidity - Remastered/2003	140	61
1504	Such a Shame	112	57
1505	Hunger Strike	138	59
1506	Candy	144	60
1507	Send Me An Angel	81	69
1508	Don't Go Breaking My Heart	131	69
1509	"Night Fever - From ""Saturday Night Fever"" Soundtrack"	109	54
1510	More Than Words	92	67
1511	"It Must Have Been Love - From the Film ""Pretty Woman"""	81	73
1512	Domino	75	31
1513	Met Hart En Ziel	167	38
1514	Love Rears Its Ugly Head	156	50
1515	Hard To Handle	104	68
1516	Black	77	75
1517	De Boer Is De Keerl	85	51
1518	November Rain	80	80
1519	Nothing Else Matters	142	69
1520	Smells Like Teen Spirit	117	74
1521	Innuendo - Remastered 2011	73	49
1522	Alive	75	75
1523	Enter Sandman	123	74
1524	Who Wants To Live Forever - Remastered 2011	87	51
1525	Under the Bridge	85	81
1526	Deurdonderen	175	49
1527	The Show Must Go On - 2011 Mix	83	58
1528	Losing My Religion	126	81
1529	Come As You Are	120	72
1530	Jeremy	109	73
1531	One	181	77
1532	Knockin' On Heaven's Door	132	77
1533	The Unforgiven	139	65
1534	These Are The Days Of Our Lives - 2011 Remaster	113	49
1535	Lithium	123	68
1536	Lekker Op De Trekker ('n Boerinnen-Wervingslied)	132	39
1537	Estranged	89	63
1538	Even Flow	105	75
1539	Hammer To Fall - Remastered 2011	127	55
1540	Sad But True	89	63
1541	Year of the Cat - 2001 Remaster	117	61
1542	Don't Cry (Original)	125	74
1543	(Everything I Do) I Do It For You	131	64
1544	No More Tears	103	66
1545	You	174	61
1546	Heal the World	81	68
1547	Bestel Mar (edit)	160	48
1548	On Every Street	132	56
1549	Give It Away	92	73
1550	Four Seasons In One Day	89	51
1551	Walking in Memphis	130	69
1552	Learning To Fly	117	71
1553	Live And Let Die	153	68
1554	In Bloom - Nevermind Version	157	64
1555	Weather With You	94	69
1556	Shiny Happy People	125	70
1557	Stars	104	49
1558	I'm Going Slightly Mad - Remastered 2011	116	48
1559	On the Border - 2001 Remaster	98	49
1560	Diamonds and Pearls	81	47
1561	I Can't Dance - 2007 Remaster	108	54
1562	No Son of Mine - 2007 Remaster	104	39
1563	I Can't Make You Love Me	125	66
1564	Love of the Common People	91	55
1565	Mysterious Ways	100	63
1566	We Don't Need Another Hero (Thunderdome)	99	61
1567	Calling Elvis	120	54
1568	Killing In The Name	89	78
1569	Fear of the Dark - 2015 Remaster	110	55
1570	Bed Of Roses	165	73
1571	Everybody Hurts	94	74
1572	Kayleigh	106	58
1573	"Layla - Acoustic; Live at MTV Unplugged, Bray Film Studios, Windsor, England, UK, 1/16/1992; 2013 Remaster"	94	70
1574	I Will Always Love You	67	77
1575	Nightswimming	114	62
1576	Conquest of Paradise	74	61
1577	Would?	101	71
1578	Friday I'm in Love	136	67
1579	Sharp Dressed Man	125	53
1580	Man On The Moon	119	67
1581	Gimme All Your Lovin'	120	44
1582	What's Up?	134	78
1583	Lavender	138	51
1584	Plush - 2017 Remaster	144	61
1585	Eloise	131	45
1586	Harvest Moon	113	71
1587	Drive	143	62
1588	Remedy	160	56
1589	I've Got Dreams to Remember	142	49
1590	Jump Around	107	74
1591	Human Touch	115	58
1592	Vlieg Met Me Mee - Live	176	40
1593	In These Arms	123	59
1594	Out Of Space	147	48
1595	Find The River	145	58
1596	I Have Nothing	153	73
1597	Rosalyn	102	39
1598	Rooster	144	68
1599	Why	91	64
1600	Rhythm Is A Dancer	124	57
1601	Keep The Faith	118	58
1602	No Rain	148	73
1603	Creep	92	82
1604	Proud Mary	171	66
1605	Fields Of Gold	104	69
1606	Eagle - Short Version	86	41
1607	Linger	95	75
1608	Alles Geprobeerd	76	38
1609	I'd Do Anything For Love (But I Won't Do That) - Single Edit	105	59
1610	Shape Of My Heart	84	72
1611	I Will Survive - Single Version	116	60
1612	Ordinary World	140	72
1613	Disarm - Remastered	130	62
1614	Mr. Jones	142	76
1615	Heart-Shaped Box	203	74
1616	Daughter (Remastered)	97	68
1617	In-A-Gadda-Da-Vida - Single Version	119	57
1618	Gaia	174	39
1619	Mull Of Kintyre - 1993 Digital Remaster	93	56
1620	Cose della vita	176	48
1621	Are You Gonna Go My Way	129	72
1622	What's Love Got to Do with It	98	69
1623	Rearviewmirror (Remastered)	159	58
1624	La solitudine	132	57
1625	Up Where We Belong	139	54
1626	Rape Me	112	64
1627	Round Here	94	61
1628	I Want You Back	98	65
1629	Younger Days	116	42
1630	All Apologies	113	67
1631	Zombie	167	80
1632	Hallelujah	97	73
1633	Oude Maasweg	90	45
1634	Lightning Crashes	90	64
1635	Black Hole Sun	105	76
1636	The Man Who Sold The World	115	73
1637	Basket Case	85	79
1638	Where Did You Sleep Last Night	109	68
1639	High Hopes	75	59
1640	Kiss from a Rose	132	72
1641	Always	141	76
1642	All I Want for Christmas Is You	150	95
1643	I Alone	90	62
1644	Sabotage	168	71
1645	Smooth Operator - Single Version	119	66
1646	Glory Box	120	67
1647	Dromen Zijn Bedrog	132	56
1648	Ode To My Family	94	69
1649	No Good (Start the Dance) [Remastered]	145	56
1650	When I Come Around	98	75
1651	Live Forever - Remastered	84	55
1652	Mmm Mmm Mmm Mmm	93	57
1653	Annabel	174	45
1654	Polly	115	57
1655	Grace	128	59
1656	Stil In Mij	99	58
1657	Wonderwall - Remastered	175	71
1658	Don't Look Back In Anger - Remastered	163	63
1659	Streets of Philadelphia - Single Edit	94	70
1660	Earth Song	138	63
1661	Street Spirit (Fade Out)	138	62
1662	Man in the Mirror	100	64
1663	Aan De Kust	78	47
1664	Beat It	139	60
1665	Margherita	119	52
1666	Vivo per lei	136	64
1667	Circle Of Life	160	54
1668	They Don't Care About Us	90	69
1669	Champagne Supernova - Remastered	150	63
1670	You Do Something To Me	73	58
1671	Lemon Tree	143	73
1672	Weak	94	24
1673	Ik Leef Niet Meer Voor Jou	150	60
1674	Gangsta's Paradise	80	80
1675	Con Te Partirò	135	66
1676	Don't Speak	76	67
1677	Heaven For Everyone - Remastered 2011	110	49
1678	Fake Plastic Trees	74	70
1679	Too Much Love Will Kill You - 2011 Remaster	73	49
1680	1979 - Remastered 2012	127	74
1681	Avalon	137	46
1682	You Don't Fool Me - Remastered 2011	122	45
1683	Can You Feel The Love Tonight	123	58
1684	Dear Mama	84	72
1685	Diane	124	44
1686	Stranger in Moscow	130	58
1687	An American Trilogy	84	31
1688	Secret Garden	87	61
1689	"Tonight, Tonight - Remastered 2012"	149	68
1690	Bullet With Butterfly Wings - Remastered 2012	122	71
1691	A Winter's Tale - 2011 Remaster	54	29
1692	Gold	90	46
1693	High And Dry	88	72
1694	Fairground	123	56
1695	Avond	98	40
1696	She - Tous les visages de l’amour	132	60
1697	Insomnia	127	55
1698	Jesus to a Child	174	62
1699	Down Under	107	74
1700	Jump	130	57
1701	Het Is Een Nacht... (Levensecht)	138	58
1702	Where the Wild Roses Grow - 2011 - Remaster	155	59
1703	Beautiful Noise	127	57
1704	Yesterday When I Was Young	68	53
1705	De Waarheid	61	50
1706	Wereld Zonder Jou	121	55
1707	Wannabe	110	80
1708	Hedonism (Just Because You Feel Good)	81	32
1709	Killing Me Softly With His Song	92	74
1710	You Have Been Loved	137	53
1711	Children	137	67
1712	No Diggity	89	76
1713	"Casser la voix - Live ""Si Ce Soir"""	135	35
1714	Beautiful Goodbye	99	37
1715	Ain't Nobody	104	70
1716	A Long December	71	63
1717	Novocaine For The Soul	169	54
1718	Per Spoor (Kedeng Kedeng)	126	49
1719	Bitter Sweet Symphony	171	78
1720	Zeg Me Dat Het Niet Zo Is	70	48
1721	Du hast	125	67
1722	"Take Me Home, Country Roads"	164	77
1723	Karma Police	75	74
1724	Everlong	158	77
1725	Op Fietse	104	46
1726	Paranoid Android	164	67
1727	Lopen Tot De Zon Komt	100	49
1728	Into My Arms - 2011 Remastered Version	94	65
1729	Engel	96	60
1730	k Heb Je Lief	136	54
1731	Chan Chan	166	68
1732	Firestarter	142	64
1733	The Unforgiven II	133	55
1734	Smack My Bitch Up	136	65
1735	You'll Never Walk Alone	113	55
1736	Good Riddance (Time of Your Life)	95	75
1737	Candle In The Wind 1997	126	53
1738	No Surprises	76	71
1739	Als Het Vuur Gedoofd Is	92	42
1740	Little Green Bag	103	44
1741	Beds Are Burning - Remastered	119	63
1742	"My Heart Will Go On - Love Theme from ""Titanic"""	99	75
1743	t Dondert En 't Bliksemt	121	50
1744	Breathe	130	66
1745	The Memory Remains	144	51
1746	N'oubliez Jamais	87	35
1747	Tell Him	76	47
1748	Mooi Liedje	177	42
1749	Can't Stand Losing You	142	45
1750	Songbird	153	61
1751	Hier Komt De Storm	89	31
1752	The Drugs Don't Work	77	64
1753	Around the World	121	70
1754	Somebody to Love	110	57
1755	Nobody's Wife	98	33
1756	Als Ze Er Niet Is	166	50
1757	Careless Whisper	153	76
1758	Whiskey In The Jar	133	61
1759	Don't Let the Sun Go Down on Me	135	66
1760	The Whole of the Moon	106	59
1761	Liefs Uit Londen	77	51
1762	Narcotic - Long Version	102	42
1763	New Year's Day	133	58
1764	Cowboys and Angels	128	43
1765	Zelfs Je Naam Is Mooi	94	49
1766	Toen Ik Je Zag - Single Version	81	47
1767	"I Don't Want to Miss a Thing - From ""Armageddon"" Soundtrack"	121	76
1768	Fields Of Gold	80	62
1769	A Different Corner	99	58
1770	Teardrop	77	69
1771	Faith	96	46
1772	Father Figure	102	51
1773	Niet Of Nooit Geweest	122	54
1774	Is Dit Nu Later	134	39
1775	De Bestemming	109	50
1776	Freak On a Leash	103	73
1777	Onderuit	118	35
1778	Non non rien n'a changé	84	50
1779	I'm Not so Tough	117	40
1780	Killer / Papa Was a Rollin' Stone	122	51
1781	I Knew You Were Waiting (For Me)	108	63
1782	If You Tolerate This Your Children Will Be Next	96	37
1783	Praying for Time	128	45
1784	Hilversum 3	91	39
1785	The Reflex	127	50
1786	World of Hurt	99	40
1787	As	93	61
1788	Pure Morning	81	60
1789	She's The One	167	68
1790	Ik Heb Je Lief	131	44
1791	Pretty Fly (For A White Guy)	143	72
1792	I Can't Make You Love Me	116	53
1793	Praise You	110	44
1794	Sacrifice	136	11
1795	Toveren	145	44
1796	Kissing a Fool	117	56
1797	Hijo de la Luna	179	62
1798	"Slaap Zacht , Elisabeth"	174	37
1799	Angels	150	50
1800	Tears in Heaven	154	61
1801	Californication	96	81
1802	Harder Dan Ik Hebben Kan	90	57
1803	Learn to Fly	136	74
1804	Total Eclipse of the Heart	130	75
1805	Scar Tissue	89	77
1806	Otherside	123	78
1807	"You'll Be In My Heart - From ""Tarzan""/Soundtrack Version"	97	62
1808	Let Me Entertain You	125	44
1809	Road Trippin'	204	62
1810	Jesus He Knows Me	95	18
1811	The Family Tree	127	41
1812	Porcelain	95	54
1813	Unintended	139	61
1814	LA Song	130	41
1815	The Dolphin's Cry	150	56
1816	All Star	104	80
1817	Why Does My Heart Feel So Bad?	98	45
1818	Il Volo	150	24
1819	The Next Episode	95	70
1820	Geen Kind Meer	77	38
1821	All The Small Things	149	79
1822	Run To The Water	181	48
1823	Hart Van Mijn Gevoel	140	44
1824	Smooth (feat. Rob Thomas)	116	70
1825	My Name Is	86	72
1826	Desert Rose	112	52
1827	Hey Boy Hey Girl	127	65
1828	At Last	87	74
1829	Can't Help Falling in Love	100	78
1830	Fly Me To The Moon (In Other Words)	119	77
1831	Stand by Me	118	77
1832	"Oh, Pretty Woman"	127	73
1833	Ring of Fire	104	71
1834	Blowin' in the Wind	175	69
1835	In Dreams	108	57
1836	Twist And Shout - Remastered 2009	125	74
1837	Are You Lonesome Tonight	66	59
1838	I Saw Her Standing There - Remastered 2009	160	71
1839	"Don't Think Twice, It's All Right"	111	65
1840	The Sound of Silence - Acoustic Version	107	75
1841	House Of The Rising Sun	117	69
1842	Folsom Prison Blues	111	58
1843	The Times They Are A-Changin'	172	69
1844	A Change Is Gonna Come	174	66
1845	A Hard Day's Night - Remastered 2009	139	69
1846	Nathalie	135	53
1847	Eight Days A Week - Remastered 2009	138	66
1848	It's All Over Now - Mono Version	99	46
1849	Yesterday - Remastered 2009	97	78
1850	(I Can't Get No) Satisfaction - Mono Version	136	77
1851	Like a Rolling Stone	95	71
1852	Norwegian Wood (This Bird Has Flown) - Remastered 2009	177	69
1853	Help! - Remastered 2009	95	73
1854	Unchained Melody	99	70
1855	Michelle - Remastered 2009	117	67
1856	Feeling Good	79	74
1857	My Generation - Stereo Version	97	71
1858	In My Life - Remastered 2009	103	74
1859	As Tears Go By - Mono Version	113	53
1860	It Was A Very Good Year	80	62
1861	Time Is On My Side - Mono Version	100	53
1862	Little Red Rooster - Mono Version	109	47
1863	Mr. Tambourine Man	120	62
1864	"Paint It, Black"	159	78
1865	God Only Knows - Remastered	117	72
1866	California Dreamin' - Single Version	112	76
1867	Eleanor Rigby - Remastered 2009	138	71
1868	River Deep - Mountain High	83	57
1869	That's Life	112	75
1870	Jumpin' Jack Flash - Mono	137	65
1871	Scarborough Fair / Canticle	129	63
1872	Sloop John B - Remastered	126	61
1873	Homeward Bound	93	65
1874	Under My Thumb	127	64
1875	I Want You	100	58
1876	When a Man Loves a Woman	97	66
1877	Sunny Afternoon - Mono Mix	125	67
1878	How Can We Hang On To A Dream	127	48
1879	"Monday, Monday - Single Version"	110	62
1880	For No One - Remastered 2009	81	63
1881	"It's A Man's, Man's, Man's World"	81	63
1882	Try a Little Tenderness	103	64
1883	Wouldn't It Be Nice - Stereo Mix	125	72
1884	Nights In White Satin - Single Version / Mono Mix	85	68
1885	The End	106	61
1886	A Day In The Life - Remastered 2009	163	67
1887	Brown Eyed Girl	151	79
1888	Respect	115	73
1889	White Rabbit	107	69
1890	Penny Lane	114	45
1891	Suzanne	132	66
1892	Hey Joe	169	71
1893	Good Vibrations - Remastered	133	71
1894	Light My Fire	125	72
1895	Strawberry Fields Forever - Remastered 2009	98	70
1896	"So Long, Marianne"	95	62
1897	Little Wing	71	69
1898	The Fool On The Hill - Remastered 2009	144	58
1899	People Are Strange	119	70
1900	The Wind Cries Mary	80	63
1901	Sgt. Pepper's Lonely Hearts Club Band - Remastered 2009	96	65
1902	Lucy In The Sky With Diamonds - Remastered 2009	65	69
1903	Purple Haze	109	72
1904	Ruby Tuesday	105	63
1905	All You Need Is Love - Remastered 2009	103	68
1906	"He Ain't Heavy, He's My Brother"	76	50
1907	When I'm Sixty Four - Remastered 2009	140	65
1908	Somebody Will Know Someday	82	37
1909	I Am The Walrus - Remastered 2009	85	65
1910	Guitar Man	114	41
1911	Ain't No Mountain High Enough	130	80
1912	San Francisco (Be Sure to Wear Some Flowers In Your Hair)	112	53
1913	She's Leaving Home - Remastered 2009	128	63
1914	I'm a Believer - 2006 Remaster	80	73
1915	Waterloo Sunset - Mono Mix	108	66
1916	Sunshine Of Your Love	115	74
1917	Break on Through (To the Other Side)	90	72
1918	Somebody to Love	132	69
1919	Green Green Grass Of Home	95	62
1920	To Love Somebody	90	66
1921	Pastorale - Remastered	112	45
1922	(Sittin' On) the Dock of the Bay	104	73
1923	Blackbird - Remastered 2009	94	74
1924	I Put A Spell On You	100	60
1925	While My Guitar Gently Weeps - Remastered 2009	115	70
1926	All Along the Watchtower	113	77
1927	"Window Of My Eyes - From ""The American"" Soundtrack"	184	43
1928	I Say a Little Prayer	133	75
1929	(You Make Me Feel Like) A Natural Woman	111	69
1930	White Room	110	74
1931	"Mrs. Robinson - From ""The Graduate"" Soundtrack"	92	76
1932	What A Wonderful World - Single Version	77	68
1933	Lea	167	48
1934	The Weight - Remastered	144	72
1935	Ain't Got No - I Got Life - Remastered	122	48
1936	Voodoo Child (Slight Return)	176	67
1937	Suzie Q	130	56
1938	Born To Be Wild - Single Version	146	67
1939	Words	80	59
1940	Massachussetts	102	57
1941	Times Were When	99	43
1942	I Started A Joke	145	66
1943	MacArthur Park	170	36
1944	I'd Rather Go Blind	83	67
1945	Daydream Believer	126	69
1946	Back In The U.S.S.R. - Remastered 2009	142	66
1947	"Girl, You'll Be A Woman Soon"	110	59
1948	Here Comes The Sun - Remastered 2009	129	82
1949	Space Oddity - 2015 Remaster	140	73
1950	Gimme Shelter	119	76
1951	Suspicious Minds	117	72
1952	Whole Lotta Love - 1990 Remaster	90	76
1953	Sweet Caroline	63	78
1954	Fortunate Son	133	80
1955	In the Ghetto	89	63
1956	Bad Moon Rising	179	77
1957	You Can't Always Get What You Want	86	67
1958	With A Little Help From My Friends	145	69
1959	My Way	75	73
1960	Come Together - Remastered 2009	165	79
1961	Something - Remastered 2009	134	72
1962	Albatross - 2018 Remaster	136	50
1963	Just A Little Bit Of Peace In My Heart	95	42
1964	Venus	128	59
1965	Son of a Preacher Man	182	61
1966	Pinball Wizard	124	69
1967	Marian	80	46
1968	Proud Mary	121	60
1969	Beautiful People	129	44
1970	Oh Well (Pt. 1) - 2013 Remaster	103	41
1971	Born On The Bayou	117	59
1972	Scarlet Ribbons	101	44
1973	The Thrill Is Gone	91	60
1974	Dazed and Confused	87	63
1975	Overture	118	43
1976	Streets of London	156	57
1977	Down On The Corner	108	73
1978	Appleknockers Flophouse	197	34
1979	The First Time Ever I Saw Your Face	121	64
1980	Touch Me	109	68
1981	Summertime	89	36
1982	Midnight Rambler	75	50
1983	Get Ready	127	45
1984	Black Magic Woman - 2018 Remaster	129	48
1985	Suite: Judy Blue Eyes - Remastered	154	67
1986	Blue Suede Shoes	95	62
1987	Jailhouse Rock	167	73
1988	My Baby Just Cares for Me - 2013 Remastered Version	119	68
1989	Summertime	168	66
1990	Heartbreak Hotel	94	63
1991	Hound Dog	175	69
1992	Johnny B. Goode	168	74
1993	Take Five	174	65
1994	Blueberry Hill	133	56
